{"schemaVersion":"1.0","appDefinitionTemplate":{"id":"/providers/Microsoft.PowerApps/apps/","type":"Microsoft.PowerApps/apps","tags":{"primaryDeviceWidth":"640","primaryDeviceHeight":"1136","supportsPortrait":"true","supportsLandscape":"true","primaryFormFactor":"Phone","publisherVersion":"3.22083.10","minimumRequiredApiVersion":"2.2.0","hasComponent":"false","hasUnlockedComponent":"false","isUnifiedRootApp":"false","sienaVersion":"20220828T122242Z-3.22083.10.0"},"properties":{"appVersion":"2022-08-28T12:22:42Z","lifeCycleId":"Published","createdByClientVersion":{"major":3,"minor":22083,"build":10,"revision":0,"majorRevision":0,"minorRevision":0},"minClientVersion":{"major":3,"minor":22083,"build":10,"revision":0,"majorRevision":0,"minorRevision":0},"backgroundColor":"RGBA(0,176,240,1)","backgroundImageUri":"/10938757030145586161/Nb771590a-a513-4f36-8829-4fee4bb477ab-logoSmallFile","displayName":"hackathon-app","description":"","commitMessage":"","appUris":{"documentUri":{"value":"/10938757030145586161/Ndff998b3-0d8f-4cd9-aa15-3bc48fb3c954-document.msapp"},"imageUris":[],"additionalUris":[]},"createdTime":"0001-01-01T00:00:00Z","lastModifiedTime":"0001-01-01T00:00:00Z","sharedGroupsCount":0,"sharedUsersCount":0,"icons":{"smallIconUri":"/10938757030145586161/Nb5f7781e-5980-4549-8413-f5e070afd3b9-small.png","mediumIconUri":"/10938757030145586161/Nd34410e9-9085-428f-be19-415e4ae9922d-medium.png","largeIconUri":"/10938757030145586161/N12b4f6f0-f0de-4c6f-999f-730653144a4c-large.png","wideIconUri":"/10938757030145586161/N0f09e771-6da5-4203-a430-b3090cb8f639-wide.png"},"connectionReferences":{"f649f6f1-0212-4edb-9de7-169004dcf323":{"id":"139554e4-021d-4830-869a-38fc40bb2140","displayName":"Serviços Espaciais","iconUri":"https://connectoricons-prod.azureedge.net/releases/v1.0.1586/1.0.1586.2912/microsoftspatialservices/icon.png","dataSources":["ServiçosEspaciais"],"dependencies":[],"dependents":[],"parameterHints":{},"parameterHintsV2":{},"isOnPremiseConnection":false,"bypassConsent":false,"dataSets":{},"apiTier":"Premium","isCustomApiConnection":false}},"databaseReferences":{},"almMode":"Environment","performanceOptimizationEnabled":true,"canConsumeAppPass":true,"enableModernRuntimeMode":false,"executionRestrictions":{"isTeamsOnly":false,"dataLossPreventionEvaluationResult":{"status":"Compliant","lastEvaluationDate":"2022-08-27T23:41:33.1607095Z","violations":[],"violationsByPolicy":[],"violationErrorMessage":"The app uses the following connectors: ."}}},"appType":"ClassicCanvasApp","appComponents":[]}}